,address
0,"('37.619683 55.699949', 'Донской район')"
1,"('37.622405 55.700877', 'Донской район')"
2,"('37.622801 55.693079', 'Донской район')"
3,"('37.618767 55.656839', 'Не определен')"
4,"('37.618821 55.646233', 'Не определен')"
5,"('37.599157 55.583953', 'район Чертаново Южное')"
6,"('37.53252 55.69076', 'Гагаринский район')"
7,"('37.529358 55.688989', 'Ломоносовский район')"
8,"('37.529358 55.688989', 'Ломоносовский район')"
9,"('37.529358 55.688989', 'Ломоносовский район')"
10,"('37.529358 55.688989', 'Ломоносовский район')"
11,"('37.527678 55.687655', 'Ломоносовский район')"
12,"('37.511751 55.678402', 'район Проспект Вернадского')"
13,"('37.474543 55.660496', 'район Тропарёво-Никулино')"
14,"('37.495141 55.667132', 'район Тропарёво-Никулино')"
15,"('37.491386 55.667158', 'район Тропарёво-Никулино')"
16,"('37.491386 55.667158', 'район Тропарёво-Никулино')"
17,"('37.492671 55.663365', 'район Тропарёво-Никулино')"
18,"('37.482035 55.655478', 'район Тропарёво-Никулино')"
19,"('37.452103 55.723719', 'район Фили-Давыдково')"
20,"('37.62908 55.671174', 'район Нагатино-Садовники')"
21,"('37.629942 55.666533', 'район Нагатино-Садовники')"
22,"('37.664788 55.647899', 'район Москворечье-Сабурово')"
23,"('37.669998 55.64478', 'район Москворечье-Сабурово')"
24,"('37.671588 55.644155', 'район Москворечье-Сабурово')"
25,"('37.564913 55.750717', 'район Дорогомилово')"
26,"('37.564913 55.750717', 'район Дорогомилово')"
27,"('37.564913 55.750717', 'район Дорогомилово')"
28,"('37.562272 55.750732', 'район Дорогомилово')"
29,"('37.560547 55.749177', 'район Дорогомилово')"
30,"('37.556864 55.746922', 'район Дорогомилово')"
31,"('37.549866 55.744977', 'район Дорогомилово')"
32,"('37.535835 55.74148', 'район Дорогомилово')"
33,"('37.535835 55.74148', 'район Дорогомилово')"
34,"('37.531038 55.738688', 'район Дорогомилово')"
35,"('37.582709 55.778644', 'район Беговой')"
36,"('37.579933 55.779712', 'район Беговой')"
37,"('37.573932 55.780416', 'район Беговой')"
38,"('37.578855 55.780162', 'район Беговой')"
39,"('37.578855 55.780162', 'район Беговой')"
40,"('37.573708 55.782552', 'район Беговой')"
41,"('37.573708 55.782552', 'район Беговой')"
42,"('37.560781 55.787001', 'район Беговой')"
43,"('37.559829 55.78732', 'район Беговой')"
44,"('37.55328 55.790357', 'район Беговой')"
45,"('37.543488 55.796157', 'район Аэропорт')"
46,"('37.543488 55.796157', 'район Аэропорт')"
47,"('37.543488 55.796157', 'район Аэропорт')"
48,"('37.537955 55.798515', 'район Аэропорт')"
49,"('37.535359 55.799689', 'район Аэропорт')"
50,"('37.533391 55.80104', 'район Аэропорт')"
51,"('37.533391 55.80104', 'район Аэропорт')"
52,"('37.533391 55.80104', 'район Аэропорт')"
53,"('37.526007 55.802761', 'район Аэропорт')"
54,"('37.526007 55.802761', 'район Аэропорт')"
55,"('37.516952 55.805133', 'район Аэропорт')"
56,"('37.516952 55.805133', 'район Аэропорт')"
57,"('37.516952 55.805133', 'район Аэропорт')"
58,"('37.51688 55.806413', 'район Аэропорт')"
59,"('37.508185 55.805214', 'район Сокол')"
60,"('37.513305 55.806059', 'район Аэропорт')"
61,"('37.513305 55.806059', 'район Аэропорт')"
62,"('37.610988 55.728783', 'район Якиманка')"
63,"('37.603945 55.723207', 'район Якиманка')"
64,"('37.602085 55.722036', 'район Якиманка')"
65,"('37.588575 55.713451', 'Донской район')"
66,"('37.57775 55.707365', 'Гагаринский район')"
67,"('37.585691 55.709956', 'Донской район')"
68,"('37.585691 55.709956', 'Донской район')"
69,"('37.585691 55.709956', 'Донской район')"
70,"('37.585691 55.709956', 'Донской район')"
71,"('37.586634 55.708628', 'Донской район')"
72,"('37.576286 55.704793', 'Гагаринский район')"
73,"('37.576286 55.704793', 'Гагаринский район')"
74,"('37.561553 55.69658', 'Гагаринский район')"
75,"('37.561553 55.69658', 'Гагаринский район')"
76,"('37.558517 55.69486', 'Гагаринский район')"
77,"('37.545833 55.689141', 'Гагаринский район')"
78,"('37.545833 55.689141', 'Гагаринский район')"
79,"('37.545833 55.689141', 'Гагаринский район')"
80,"('37.545833 55.689141', 'Гагаринский район')"
81,"('37.545833 55.689141', 'Гагаринский район')"
82,"('37.533499 55.680763', 'Ломоносовский район')"
83,"('37.533751 55.679351', 'Ломоносовский район')"
84,"('37.529789 55.676651', 'Ломоносовский район')"
85,"('37.525872 55.673976', 'Ломоносовский район')"
86,"('37.518353 55.668346', 'Обручевский район')"
87,"('37.518353 55.668346', 'Обручевский район')"
88,"('37.492949 55.655168', 'район Тропарёво-Никулино')"
89,"('37.631927 55.774224', 'Мещанский район')"
90,"('37.63252 55.779808', 'Мещанский район')"
91,"('37.63252 55.779808', 'Мещанский район')"
92,"('37.632601 55.780127', 'Мещанский район')"
93,"('37.633688 55.780233', 'Мещанский район')"
94,"('37.63385 55.782982', 'Мещанский район')"
95,"('37.634362 55.781909', 'Мещанский район')"
96,"('37.633859 55.783494', 'Мещанский район')"
97,"('37.633859 55.783494', 'Мещанский район')"
98,"('37.635107 55.783402', 'Мещанский район')"
99,"('37.635341 55.784045', 'Мещанский район')"
100,"('37.636051 55.785422', 'Мещанский район')"
101,"('37.635269 55.788125', 'Мещанский район')"
102,"('37.634299 55.789942', 'Мещанский район')"
103,"('37.633733 55.789957', 'Мещанский район')"
104,"('37.635287 55.805361', 'Останкинский район')"
105,"('37.635593 55.806894', 'Останкинский район')"
106,"('37.636338 55.80909', 'Останкинский район')"
107,"('37.636338 55.80909', 'Останкинский район')"
108,"('37.636338 55.80909', 'Останкинский район')"
109,"('37.637551 55.806742', 'Алексеевский район')"
110,"('37.638359 55.808154', 'Алексеевский район')"
111,"('37.637991 55.808978', 'Алексеевский район')"
112,"('37.638305 55.810668', 'Алексеевский район')"
113,"('37.638305 55.810668', 'Алексеевский район')"
114,"('37.638305 55.810668', 'Алексеевский район')"
115,"('37.639339 55.811771', 'Алексеевский район')"
116,"('37.639572 55.815858', 'Алексеевский район')"
117,"('37.64604 55.824405', 'Алексеевский район')"
118,"('37.650909 55.829062', 'Алексеевский район')"
119,"('37.572378 55.687477', 'Академический район')"
120,"('37.568875 55.682422', 'Академический район')"
121,"('37.566467 55.680554', 'Академический район')"
122,"('37.565335 55.679514', 'Академический район')"
123,"('37.568938 55.684275', 'Академический район')"
124,"('37.568938 55.684275', 'Академический район')"
125,"('37.564257 55.678458', 'Академический район')"
126,"('37.564141 55.679818', 'Академический район')"
127,"('37.557233 55.67194', 'район Черёмушки')"
128,"('37.558032 55.675306', 'район Черёмушки')"
129,"('37.552355 55.669412', 'Обручевский район')"
130,"('37.520141 55.649886', 'район Коньково')"
131,"('37.520294 55.63131', 'район Коньково')"
132,"('37.507789 55.631757', 'район Тёплый Стан')"
133,"('37.505319 55.631285', 'район Тёплый Стан')"
134,"('37.637048 55.803995', 'Алексеевский район')"
135,"('37.506091 55.805776', 'район Сокол')"
136,"('37.504025 55.630116', 'район Тёплый Стан')"
137,"('37.498222 55.655783', 'Не определен')"
138,"('37.484406 55.649251', 'Не определен')"
139,"('37.632098 55.780319', 'Мещанский район')"
140,"('37.632098 55.780319', 'Мещанский район')"
141,"('37.642042 55.820642', 'Алексеевский район')"
142,"('37.642042 55.820642', 'Алексеевский район')"
143,"('37.475603 55.667345', 'район Тропарёво-Никулино')"
144,"('37.473123 55.655254', 'район Тропарёво-Никулино')"
145,"('37.549273 55.745954', 'район Дорогомилово')"
146,"('37.540784 55.74147', 'район Дорогомилово')"
147,"('37.545267 55.744531', 'район Дорогомилово')"
148,"('37.517338 55.803681', 'район Сокол')"
149,"('37.517338 55.803681', 'район Сокол')"
150,"('37.517338 55.803681', 'район Сокол')"
151,"('37.718139 55.605902', 'район Орехово-Борисово Южное')"
152,"('37.621678 55.700486', 'Донской район')"
153,"('37.621678 55.700486', 'Донской район')"
154,"('37.598348 55.591259', 'район Чертаново Южное')"
155,"('37.550423 55.66932', 'Обручевский район')"
156,"('37.527831 55.647468', 'район Коньково')"
157,"('37.523465 55.64192', 'район Коньково')"
158,"('37.523465 55.64192', 'район Коньково')"
159,"('37.523465 55.64192', 'район Коньково')"
160,"('37.523465 55.64192', 'район Коньково')"
161,"('37.523465 55.64192', 'район Коньково')"
162,"('37.523465 55.64192', 'район Коньково')"
163,"('37.509352 55.661333', 'Обручевский район')"
164,"('37.562667 55.674006', 'район Черёмушки')"
165,"('37.475513 55.652659', 'район Тропарёво-Никулино')"
166,"('37.511409 55.807375', 'район Сокол')"
167,"('37.511508 55.807956', 'район Сокол')"
168,"('37.511508 55.807956', 'район Сокол')"
169,"('37.608886 55.727491', 'район Якиманка')"
170,"('37.634964 55.808235', 'Останкинский район')"
171,"('37.632646 55.774644', 'Мещанский район')"
172,"('37.518111 55.633709', 'район Тёплый Стан')"
173,"('37.603451 55.724434', 'район Якиманка')"
174,"('37.531631 55.677935', 'Ломоносовский район')"
175,"('37.528163 55.674184', 'Ломоносовский район')"
176,"('37.513395 55.665309', 'Обручевский район')"
177,"('37.57484 55.706741', 'Гагаринский район')"
178,"('37.583697 55.706533', 'Гагаринский район')"
179,"('37.539329 55.680087', 'Ломоносовский район')"
180,"('37.557197 55.692064', 'Гагаринский район')"
181,"('37.55487 55.692232', 'Гагаринский район')"
182,"('37.55487 55.692232', 'Гагаринский район')"
183,"('37.609461 55.728292', 'район Якиманка')"
184,"('37.609901 55.727136', 'район Якиманка')"
185,"('37.609901 55.727136', 'район Якиманка')"
186,"('37.605508 55.72416', 'район Якиманка')"
187,"('37.516449 55.681712', 'Ломоносовский район')"
188,"('37.516449 55.681712', 'Ломоносовский район')"
189,"('37.516449 55.681712', 'Ломоносовский район')"
190,"('37.516449 55.681712', 'Ломоносовский район')"
191,"('37.516449 55.681712', 'Ломоносовский район')"
192,"('37.516449 55.681712', 'Ломоносовский район')"
193,"('37.601304 55.724677', 'район Якиманка')"
194,"('37.611392 55.729529', 'район Якиманка')"
195,"('37.611392 55.729529', 'район Якиманка')"
196,"('37.611392 55.729529', 'район Якиманка')"
197,"('37.593102 55.718035', 'район Якиманка')"
198,"('37.519764 55.802659', 'район Сокол')"
199,"('37.623995 55.678052', 'Нагорный район')"
200,"('37.617204 55.633922', 'район Чертаново Северное')"
201,"('37.617572 55.661816', 'Не определен')"
202,"('37.623492 55.680311', 'Нагорный район')"
203,"('37.595168 55.587687', 'район Чертаново Южное')"
204,"('37.621579 55.663918', 'Нагорный район')"
205,"('37.619665 55.697199', 'Донской район')"
206,"('37.614096 55.614378', 'район Чертаново Центральное')"
207,"('37.62051 55.655823', 'Не определен')"
208,"('37.619513 55.622416', 'район Чертаново Северное')"
209,"('37.614428 55.624896', 'район Чертаново Северное')"
210,"('37.51529 55.630441', 'район Тёплый Стан')"
211,"('37.514715 55.630614', 'район Тёплый Стан')"
212,"('37.506262 55.622832', 'район Тёплый Стан')"
213,"('37.529699 55.645258', 'район Коньково')"
214,"('37.571857 55.687046', 'Академический район')"
215,"('37.570123 55.685437', 'Академический район')"
216,"('37.52616 55.635533', 'район Коньково')"
217,"('37.482223 55.644094', 'район Тёплый Стан')"
218,"('37.498995 55.624012', 'район Тёплый Стан')"
219,"('37.568426 55.678148', 'Академический район')"
220,"('37.5092 55.666909', 'район Проспект Вернадского')"
221,"('37.485619 55.653705', 'район Тропарёво-Никулино')"
222,"('37.477049 55.667264', 'район Тропарёво-Никулино')"
223,"('37.488556 55.665705', 'район Тропарёво-Никулино')"
224,"('37.502292 55.67325', 'район Проспект Вернадского')"
225,"('37.48817 55.672082', 'район Проспект Вернадского')"
226,"('37.506038 55.67559', 'район Проспект Вернадского')"
227,"('37.606909 55.727136', 'район Якиманка')"
228,"('37.606909 55.727136', 'район Якиманка')"
229,"('37.606909 55.727136', 'район Якиманка')"
230,"('37.606909 55.727136', 'район Якиманка')"
231,"('37.608086 55.727465', 'район Якиманка')"
232,"('37.568614 55.704286', 'Гагаринский район')"
233,"('37.56671 55.702551', 'Гагаринский район')"
234,"('37.517455 55.681057', 'Ломоносовский район')"
235,"('37.54427 55.686203', 'Гагаринский район')"
236,"('37.525163 55.671366', 'Обручевский район')"
237,"('37.523249 55.67127', 'Обручевский район')"
238,"('37.559541 55.673905', 'район Черёмушки')"
239,"('37.559541 55.673905', 'район Черёмушки')"
240,"('37.557233 55.67194', 'район Черёмушки')"
241,"('37.483104 55.651186', 'район Тропарёво-Никулино')"
242,"('37.483104 55.651186', 'район Тропарёво-Никулино')"
243,"('37.483104 55.651186', 'район Тропарёво-Никулино')"
244,"('37.483104 55.651186', 'район Тропарёво-Никулино')"
245,"('37.483104 55.651186', 'район Тропарёво-Никулино')"
246,"('37.483104 55.651186', 'район Тропарёво-Никулино')"
247,"('37.476088 55.660968', 'район Тропарёво-Никулино')"
248,"('37.476088 55.660968', 'район Тропарёво-Никулино')"
249,"('37.479097 55.672372', 'район Тропарёво-Никулино')"
250,"('37.483616 55.653101', 'район Тропарёво-Никулино')"
251,"('37.49162 55.664299', 'район Тропарёво-Никулино')"
252,"('37.490371 55.663202', 'район Тропарёво-Никулино')"
253,"('37.504483 55.672808', 'район Проспект Вернадского')"
254,"('37.495455 55.675758', 'район Проспект Вернадского')"
255,"('37.48561 55.662882', 'район Тропарёво-Никулино')"
256,"('37.535924 55.79512', 'Хорошёвский район')"
257,"('37.542842 55.794629', 'Хорошёвский район')"
258,"('37.525612 55.801369', 'Хорошёвский район')"
259,"('37.531199 55.798935', 'Хорошёвский район')"
260,"('37.574588 55.783463', 'район Беговой')"
261,"('37.574588 55.783463', 'район Беговой')"
262,"('37.560727 55.784111', 'район Беговой')"
263,"('37.530822 55.799806', 'Хорошёвский район')"
264,"('37.538422 55.792736', 'Хорошёвский район')"
265,"('37.532601 55.799036', 'Хорошёвский район')"
266,"('37.532601 55.799036', 'Хорошёвский район')"
267,"('37.532601 55.799036', 'Хорошёвский район')"
268,"('37.532601 55.799036', 'Хорошёвский район')"
269,"('37.532601 55.799036', 'Хорошёвский район')"
270,"('37.546605 55.792007', 'Хорошёвский район')"
271,"('37.539877 55.79056', 'Хорошёвский район')"
272,"('37.52916 55.802341', 'район Аэропорт')"
273,"('37.52916 55.802341', 'район Аэропорт')"
274,"('37.52916 55.802341', 'район Аэропорт')"
275,"('37.570779 55.782005', 'район Беговой')"
276,"('37.482304 55.654035', 'район Тропарёво-Никулино')"
277,"('37.562146 55.785392', 'район Беговой')"
278,"('37.56945 55.784622', 'район Беговой')"
279,"('37.56945 55.784622', 'район Беговой')"
280,"('37.545159 55.795909', 'район Аэропорт')"
281,"('37.570231 55.784207', 'район Беговой')"
282,"('37.569225 55.783165', 'район Беговой')"
283,"('37.569225 55.783165', 'район Беговой')"
284,"('37.574983 55.78198', 'район Беговой')"
285,"('37.574624 55.780507', 'район Беговой')"
286,"('37.627023 55.667711', 'район Нагатино-Садовники')"
287,"('37.697478 55.639806', 'район Москворечье-Сабурово')"
288,"('37.697478 55.639806', 'район Москворечье-Сабурово')"
289,"('37.661734 55.648946', 'район Москворечье-Сабурово')"
290,"('37.709093 55.624505', 'район Орехово-Борисово Северное')"
291,"('37.690722 55.640462', 'район Москворечье-Сабурово')"
292,"('37.625289 55.67995', 'район Нагатино-Садовники')"
293,"('37.70841 55.624932', 'район Орехово-Борисово Северное')"
294,"('37.7123 55.614927', 'район Орехово-Борисово Северное')"
295,"('37.67413 55.643673', 'район Москворечье-Сабурово')"
296,"('37.643085 55.656514', 'район Москворечье-Сабурово')"
297,"('37.664393 55.64987', 'район Москворечье-Сабурово')"
298,"('37.624085 55.684498', 'район Нагатино-Садовники')"
299,"('37.646705 55.654934', 'район Москворечье-Сабурово')"
300,"('37.624022 55.686284', 'район Нагатино-Садовники')"
301,"('37.660314 55.837308', 'район Ростокино')"
302,"('37.631272 55.775069', 'Мещанский район')"
303,"('37.633769 55.780664', 'Мещанский район')"
304,"('37.631577 55.778527', 'Мещанский район')"
305,"('37.633158 55.77798', 'Мещанский район')"
306,"('37.633158 55.77798', 'Мещанский район')"
307,"('37.633158 55.77798', 'Мещанский район')"
308,"('37.633158 55.77798', 'Мещанский район')"
309,"('37.633158 55.77798', 'Мещанский район')"
310,"('37.633158 55.77798', 'Мещанский район')"
311,"('37.647037 55.822276', 'Алексеевский район')"
312,"('37.647037 55.822276', 'Алексеевский район')"
313,"('37.647037 55.822276', 'Алексеевский район')"
314,"('37.647037 55.822276', 'Алексеевский район')"
315,"('37.647037 55.822276', 'Алексеевский район')"
316,"('37.647037 55.822276', 'Алексеевский район')"
317,"('37.647037 55.822276', 'Алексеевский район')"
318,"('37.647037 55.822276', 'Алексеевский район')"
319,"('37.647037 55.822276', 'Алексеевский район')"
320,"('37.647037 55.822276', 'Алексеевский район')"
321,"('37.647037 55.822276', 'Алексеевский район')"
322,"('37.647037 55.822276', 'Алексеевский район')"
323,"('37.647037 55.822276', 'Алексеевский район')"
324,"('37.635287 55.812044', 'Останкинский район')"
325,"('37.636823 55.802791', 'Алексеевский район')"
326,"('37.633347 55.779246', 'Мещанский район')"
327,"('37.633499 55.777975', 'Мещанский район')"
328,"('37.636841 55.81871', 'Останкинский район')"
329,"('37.634497 55.782248', 'Мещанский район')"
330,"('37.635107 55.803646', 'Останкинский район')"
331,"('37.635826 55.787518', 'Мещанский район')"
332,"('37.455408 55.725737', 'район Фили-Давыдково')"
333,"('37.565461 55.751457', 'район Дорогомилово')"
334,"('37.565461 55.751457', 'район Дорогомилово')"
335,"('37.565461 55.751457', 'район Дорогомилово')"
336,"('37.565461 55.751457', 'район Дорогомилово')"
337,"('37.565461 55.751457', 'район Дорогомилово')"
338,"('37.561257 55.750038', 'район Дорогомилово')"
339,"('37.538781 55.743188', 'район Дорогомилово')"
340,"('37.526187 55.738743', 'район Дорогомилово')"
341,"('37.526187 55.738743', 'район Дорогомилово')"
342,"('37.62342 55.688649', 'район Нагатино-Садовники')"
343,"('37.728541 55.596106', 'район Орехово-Борисово Южное')"
344,"('37.619854 55.666167', 'Нагорный район')"
345,"('37.630481 55.666152', 'район Нагатино-Садовники')"
346,"('37.489715 55.663994', 'район Тропарёво-Никулино')"
347,"('37.48587 55.662359', 'район Тропарёво-Никулино')"
348,"('37.471533 55.649992', 'район Тропарёво-Никулино')"
349,"('37.524327 55.803621', 'район Аэропорт')"
350,"('37.547387 55.79055', 'Хорошёвский район')"
351,"('37.547387 55.79055', 'Хорошёвский район')"
352,"('37.547387 55.79055', 'Хорошёвский район')"
353,"('37.547387 55.79055', 'Хорошёвский район')"
354,"('37.63447 55.785969', 'Мещанский район')"
355,"('37.632368 55.781038', 'Мещанский район')"
356,"('37.512398 55.808548', 'район Сокол')"
357,"('37.512398 55.808548', 'район Сокол')"
358,"('37.512398 55.808548', 'район Сокол')"
359,"('37.635862 55.808002', 'Останкинский район')"
360,"('37.635862 55.808002', 'Останкинский район')"
361,"('37.632637 55.781615', 'Мещанский район')"
362,"('37.634281 55.814148', 'Не определен')"
363,"('37.634281 55.814148', 'Не определен')"
364,"('37.63747 55.815145', 'Останкинский район')"
365,"('37.63668 55.800595', 'Не определен')"
366,"('37.638018 55.808174', 'Алексеевский район')"
367,"('37.639752 55.822751', 'Не определен')"
368,"('37.66265 55.844041', 'район Свиблово')"
369,"('37.64242 55.82755', 'Останкинский район')"
370,"('37.64242 55.82755', 'Останкинский район')"
371,"('37.64242 55.82755', 'Останкинский район')"
372,"('37.636778 55.80102', 'Не определен')"
373,"('37.638782 55.812175', 'Алексеевский район')"
374,"('37.649606 55.830392', 'район Ростокино')"
375,"('37.662093 55.845855', 'район Свиблово')"
376,"('37.662093 55.845855', 'район Свиблово')"
377,"('37.662093 55.845855', 'район Свиблово')"
378,"('37.662093 55.845855', 'район Свиблово')"
379,"('37.662093 55.845855', 'район Свиблово')"
380,"('37.662093 55.845855', 'район Свиблово')"
381,"('37.662093 55.845855', 'район Свиблово')"
382,"('37.662093 55.845855', 'район Свиблово')"
383,"('37.662093 55.845855', 'район Свиблово')"
384,"('37.662093 55.845855', 'район Свиблово')"
385,"('37.662093 55.845855', 'район Свиблово')"
386,"('37.662093 55.845855', 'район Свиблово')"
387,"('37.662093 55.845855', 'район Свиблово')"
388,"('37.662093 55.845855', 'район Свиблово')"
389,"('37.662093 55.845855', 'район Свиблово')"
390,"('37.662093 55.845855', 'район Свиблово')"
391,"('37.662093 55.845855', 'район Свиблово')"
392,"('37.662093 55.845855', 'район Свиблово')"
393,"('37.662093 55.845855', 'район Свиблово')"
394,"('37.662093 55.845855', 'район Свиблово')"
395,"('37.662093 55.845855', 'район Свиблово')"
396,"('37.662093 55.845855', 'район Свиблово')"
397,"('37.662093 55.845855', 'район Свиблово')"
398,"('37.662093 55.845855', 'район Свиблово')"
399,"('37.662093 55.845855', 'район Свиблово')"
400,"('37.662093 55.845855', 'район Свиблово')"
401,"('37.662093 55.845855', 'район Свиблово')"
402,"('37.662093 55.845855', 'район Свиблово')"
403,"('37.662093 55.845855', 'район Свиблово')"
404,"('37.662093 55.845855', 'район Свиблово')"
405,"('37.662093 55.845855', 'район Свиблово')"
406,"('37.662093 55.845855', 'район Свиблово')"
407,"('37.662093 55.845855', 'район Свиблово')"
408,"('37.662093 55.845855', 'район Свиблово')"
409,"('37.662093 55.845855', 'район Свиблово')"
410,"('37.662093 55.845855', 'район Свиблово')"
411,"('37.662093 55.845855', 'район Свиблово')"
412,"('37.662093 55.845855', 'район Свиблово')"
413,"('37.662093 55.845855', 'район Свиблово')"
414,"('37.662093 55.845855', 'район Свиблово')"
415,"('37.662093 55.845855', 'район Свиблово')"
416,"('37.662093 55.845855', 'район Свиблово')"
417,"('37.662093 55.845855', 'район Свиблово')"
418,"('37.640336 55.817861', 'Алексеевский район')"
419,"('37.557197 55.692064', 'Гагаринский район')"
420,"('37.49347 55.617729', 'район Тёплый Стан')"
421,"('37.479106 55.642332', 'район Тёплый Стан')"
422,"('37.516656 55.637642', 'район Коньково')"
423,"('37.50867 55.662227', 'район Коньково')"
424,"('37.544566 55.662557', 'Обручевский район')"
425,"('37.518587 55.632672', 'район Тёплый Стан')"
426,"('37.518587 55.632672', 'район Тёплый Стан')"
427,"('37.516853 55.63037', 'район Тёплый Стан')"
428,"('37.516853 55.63037', 'район Тёплый Стан')"
429,"('37.516853 55.63037', 'район Тёплый Стан')"
430,"('37.516853 55.63037', 'район Тёплый Стан')"
431,"('37.516853 55.63037', 'район Тёплый Стан')"
432,"('37.577561 55.710575', 'Гагаринский район')"
433,"('37.547117 55.668615', 'Обручевский район')"
434,"('37.55248 55.670021', 'Обручевский район')"
435,"('37.55248 55.670021', 'Обручевский район')"
436,"('37.55248 55.670021', 'Обручевский район')"
437,"('37.55248 55.670021', 'Обручевский район')"
438,"('37.55248 55.670021', 'Обручевский район')"
439,"('37.55248 55.670021', 'Обручевский район')"
440,"('37.55248 55.670021', 'Обручевский район')"
441,"('37.55248 55.670021', 'Обручевский район')"
442,"('37.55248 55.670021', 'Обручевский район')"
443,"('37.55248 55.670021', 'Обручевский район')"
444,"('37.55248 55.670021', 'Обручевский район')"
445,"('37.55248 55.670021', 'Обручевский район')"
446,"('37.55248 55.670021', 'Обручевский район')"
447,"('37.541512 55.656037', 'район Черёмушки')"
448,"('37.541512 55.656037', 'район Черёмушки')"
449,"('37.541512 55.656037', 'район Черёмушки')"
450,"('37.541512 55.656037', 'район Черёмушки')"
451,"('37.541512 55.656037', 'район Черёмушки')"
452,"('37.541512 55.656037', 'район Черёмушки')"
453,"('37.541512 55.656037', 'район Черёмушки')"
454,"('37.541512 55.656037', 'район Черёмушки')"
455,"('37.541512 55.656037', 'район Черёмушки')"
456,"('37.518587 55.633597', 'район Тёплый Стан')"
457,"('37.526259 55.643632', 'район Коньково')"
458,"('37.551879 55.666883', 'район Черёмушки')"
459,"('37.507484 55.61813', 'район Ясенево')"
460,"('37.507484 55.61813', 'район Ясенево')"
461,"('37.507484 55.61813', 'район Ясенево')"
462,"('37.507484 55.61813', 'район Ясенево')"
463,"('37.507484 55.61813', 'район Ясенево')"
464,"('37.507484 55.61813', 'район Ясенево')"
465,"('37.507484 55.61813', 'район Ясенево')"
466,"('37.561284 55.675514', 'район Черёмушки')"
467,"('37.511445 55.663842', 'Обручевский район')"
468,"('37.511445 55.663842', 'Обручевский район')"
469,"('37.511445 55.663842', 'Обручевский район')"
470,"('37.511445 55.663842', 'Обручевский район')"
471,"('37.511445 55.663842', 'Обручевский район')"
472,"('37.511445 55.663842', 'Обручевский район')"
473,"('37.511445 55.663842', 'Обручевский район')"
474,"('37.511445 55.663842', 'Обручевский район')"
475,"('37.511445 55.663842', 'Обручевский район')"
476,"('37.511445 55.663842', 'Обручевский район')"
477,"('37.511445 55.663842', 'Обручевский район')"
478,"('37.564994 55.674331', 'район Черёмушки')"
479,"('37.521138 55.636311', 'район Коньково')"
480,"('37.521138 55.636311', 'район Коньково')"
481,"('37.581721 55.537088', 'район Южное Бутово')"
482,"('37.54065 55.659124', 'Обручевский район')"
483,"('37.547414 55.666487', 'Обручевский район')"
484,"('37.547414 55.666487', 'Обручевский район')"
485,"('37.525001 55.64985', 'район Коньково')"
486,"('37.524004 55.647244', 'район Коньково')"
487,"('37.504295 55.626721', 'район Тёплый Стан')"
488,"('37.481909 55.657189', 'район Тропарёво-Никулино')"
489,"('37.481909 55.657189', 'район Тропарёво-Никулино')"
490,"('37.476052 55.657931', 'район Тропарёво-Никулино')"
491,"('37.476052 55.657931', 'район Тропарёво-Никулино')"
492,"('37.476052 55.657931', 'район Тропарёво-Никулино')"
493,"('37.506891 55.677737', 'район Проспект Вернадского')"
494,"('37.506891 55.677737', 'район Проспект Вернадского')"
495,"('37.506891 55.677737', 'район Проспект Вернадского')"
496,"('37.506891 55.677737', 'район Проспект Вернадского')"
497,"('37.506891 55.677737', 'район Проспект Вернадского')"
498,"('37.480265 55.66076', 'район Тропарёво-Никулино')"
499,"('37.493641 55.670138', 'район Проспект Вернадского')"
500,"('37.484864 55.663811', 'район Тропарёво-Никулино')"
501,"('37.484864 55.663811', 'район Тропарёво-Никулино')"
502,"('37.497656 55.657408', 'район Тропарёво-Никулино')"
503,"('37.497656 55.657408', 'район Тропарёво-Никулино')"
504,"('37.497656 55.657408', 'район Тропарёво-Никулино')"
505,"('37.497656 55.657408', 'район Тропарёво-Никулино')"
506,"('37.497656 55.657408', 'район Тропарёво-Никулино')"
507,"('37.481469 55.661689', 'район Тропарёво-Никулино')"
508,"('37.527965 55.691963', 'район Раменки')"
509,"('37.527965 55.691963', 'район Раменки')"
510,"('37.527965 55.691963', 'район Раменки')"
511,"('37.527965 55.691963', 'район Раменки')"
512,"('37.527965 55.691963', 'район Раменки')"
513,"('37.527965 55.691963', 'район Раменки')"
514,"('37.527965 55.691963', 'район Раменки')"
515,"('37.527965 55.691963', 'район Раменки')"
516,"('37.527965 55.691963', 'район Раменки')"
517,"('37.527965 55.691963', 'район Раменки')"
518,"('37.527965 55.691963', 'район Раменки')"
519,"('37.527965 55.691963', 'район Раменки')"
520,"('37.527965 55.691963', 'район Раменки')"
521,"('37.527965 55.691963', 'район Раменки')"
522,"('37.527965 55.691963', 'район Раменки')"
523,"('37.527965 55.691963', 'район Раменки')"
524,"('37.527965 55.691963', 'район Раменки')"
525,"('37.527965 55.691963', 'район Раменки')"
526,"('37.527965 55.691963', 'район Раменки')"
527,"('37.527965 55.691963', 'район Раменки')"
528,"('37.527965 55.691963', 'район Раменки')"
529,"('37.527965 55.691963', 'район Раменки')"
530,"('37.527965 55.691963', 'район Раменки')"
531,"('37.527965 55.691963', 'район Раменки')"
532,"('37.527965 55.691963', 'район Раменки')"
533,"('37.525396 55.741855', 'район Дорогомилово')"
534,"('37.556379 55.750515', 'Не определен')"
535,"('37.556379 55.750515', 'Не определен')"
536,"('37.556379 55.750515', 'Не определен')"
537,"('37.556379 55.750515', 'Не определен')"
538,"('37.556379 55.750515', 'Не определен')"
539,"('37.528972 55.740522', 'район Дорогомилово')"
540,"('37.487362 55.731718', 'район Фили-Давыдково')"
541,"('37.487362 55.731718', 'район Фили-Давыдково')"
542,"('37.487362 55.731718', 'район Фили-Давыдково')"
543,"('37.487362 55.731718', 'район Фили-Давыдково')"
544,"('37.487362 55.731718', 'район Фили-Давыдково')"
545,"('37.487362 55.731718', 'район Фили-Давыдково')"
546,"('37.487362 55.731718', 'район Фили-Давыдково')"
547,"('37.487362 55.731718', 'район Фили-Давыдково')"
548,"('37.487362 55.731718', 'район Фили-Давыдково')"
549,"('37.487362 55.731718', 'район Фили-Давыдково')"
550,"('37.545267 55.744531', 'район Дорогомилово')"
551,"('37.566773 55.752328', 'район Дорогомилово')"
552,"('37.566773 55.752328', 'район Дорогомилово')"
553,"('37.566773 55.752328', 'район Дорогомилово')"
554,"('37.566773 55.752328', 'район Дорогомилово')"
555,"('37.566773 55.752328', 'район Дорогомилово')"
556,"('37.566773 55.752328', 'район Дорогомилово')"
557,"('37.566773 55.752328', 'район Дорогомилово')"
558,"('37.566773 55.752328', 'район Дорогомилово')"
559,"('37.566773 55.752328', 'район Дорогомилово')"
560,"('37.566773 55.752328', 'район Дорогомилово')"
561,"('37.566773 55.752328', 'район Дорогомилово')"
562,"('37.572082 55.781545', 'район Беговой')"
563,"('37.571929 55.781858', 'район Беговой')"
564,"('37.511508 55.807956', 'район Сокол')"
565,"('37.578424 55.777565', 'район Беговой')"
566,"('37.517796 55.806793', 'район Аэропорт')"
567,"('37.511086 55.808786', 'район Сокол')"
568,"('37.515164 55.805837', 'район Аэропорт')"
569,"('37.532107 55.801835', 'Не определен')"
570,"('37.532107 55.801835', 'Не определен')"
571,"('37.536023 55.791597', 'Хорошёвский район')"
572,"('37.544638 55.790221', 'Хорошёвский район')"
573,"('37.573771 55.78322', 'район Беговой')"
574,"('37.531711 55.784374', 'Хорошёвский район')"
575,"('37.516934 55.806945', 'район Аэропорт')"
576,"('37.516934 55.806945', 'район Аэропорт')"
577,"('37.56017 55.78359', 'район Беговой')"
578,"('37.56017 55.78359', 'район Беговой')"
579,"('37.56017 55.78359', 'район Беговой')"
580,"('37.56017 55.78359', 'район Беговой')"
581,"('37.56017 55.78359', 'район Беговой')"
582,"('37.56017 55.78359', 'район Беговой')"
583,"('37.56017 55.78359', 'район Беговой')"
584,"('37.56017 55.78359', 'район Беговой')"
585,"('37.56017 55.78359', 'район Беговой')"
586,"('37.56017 55.78359', 'район Беговой')"
587,"('37.56017 55.78359', 'район Беговой')"
588,"('37.552193 55.79303', 'район Аэропорт')"
589,"('37.552193 55.79303', 'район Аэропорт')"
590,"('37.519863 55.80525', 'район Аэропорт')"
591,"('37.519863 55.80525', 'район Аэропорт')"
592,"('37.521336 55.805533', 'район Аэропорт')"
593,"('37.520348 55.805791', 'район Аэропорт')"
594,"('37.520348 55.805791', 'район Аэропорт')"
595,"('37.546731 55.793186', 'Хорошёвский район')"
596,"('37.62881 55.671473', 'район Нагатино-Садовники')"
597,"('37.589877 55.713212', 'Донской район')"
598,"('37.622738 55.692389', 'Донской район')"
599,"('37.714815 55.606761', 'район Орехово-Борисово Южное')"
600,"('37.670339 55.646569', 'район Москворечье-Сабурово')"
601,"('37.670339 55.646569', 'район Москворечье-Сабурово')"
602,"('37.620707 55.646894', 'Не определен')"
603,"('37.642546 55.65981', 'район Нагатино-Садовники')"
604,"('37.621525 55.622497', 'район Чертаново Северное')"
605,"('37.61088 55.616747', 'район Чертаново Центральное')"
606,"('37.596336 55.591671', 'район Чертаново Южное')"
607,"('37.621947 55.684503', 'Нагорный район')"
608,"('37.621947 55.684503', 'Нагорный район')"
609,"('37.718121 55.612217', 'район Орехово-Борисово Северное')"
610,"('37.621723 55.62945', 'район Чертаново Северное')"
611,"('37.716504 55.609299', 'район Орехово-Борисово Южное')"
612,"('37.621202 55.656539', 'Не определен')"
613,"('37.68659 55.640736', 'район Москворечье-Сабурово')"
614,"('37.622549 55.682783', 'Нагорный район')"
615,"('37.628217 55.674839', 'район Нагатино-Садовники')"
616,"('37.633068 55.661476', 'район Нагатино-Садовники')"
617,"('37.715812 55.617342', 'район Орехово-Борисово Северное')"
618,"('37.715812 55.617342', 'район Орехово-Борисово Северное')"
619,"('37.715812 55.617342', 'район Орехово-Борисово Северное')"
620,"('37.715812 55.617342', 'район Орехово-Борисово Северное')"
621,"('37.715812 55.617342', 'район Орехово-Борисово Северное')"
622,"('37.715812 55.617342', 'район Орехово-Борисово Северное')"
623,"('37.620698 55.653644', 'Не определен')"
624,"('37.620698 55.653644', 'Не определен')"
625,"('37.597172 55.577551', 'район Чертаново Южное')"
626,"('37.628711 55.665787', 'район Нагатино-Садовники')"
627,"('37.602885 55.596335', 'район Чертаново Южное')"
628,"('37.624256 55.633226', 'район Чертаново Северное')"
629,"('37.624256 55.633226', 'район Чертаново Северное')"
630,"('37.624256 55.633226', 'район Чертаново Северное')"
631,"('37.616521 55.629567', 'район Чертаново Северное')"
632,"('37.630131 55.679138', 'район Нагатино-Садовники')"
633,"('37.612829 55.618872', 'район Чертаново Центральное')"
634,"('37.621947 55.640274', 'район Чертаново Северное')"
635,"('37.621947 55.640274', 'район Чертаново Северное')"
636,"('37.621947 55.640274', 'район Чертаново Северное')"
637,"('37.621947 55.640274', 'район Чертаново Северное')"
638,"('37.600729 55.720905', 'Донской район')"
639,"('37.600729 55.720905', 'Донской район')"
640,"('37.616396 55.621211', 'район Чертаново Центральное')"
641,"('37.621507 55.661034', 'Не определен')"
642,"('37.618031 55.631773', 'район Чертаново Северное')"
643,"('37.63464 55.664593', 'район Нагатино-Садовники')"
644,"('37.63464 55.664593', 'район Нагатино-Садовники')"
645,"('37.63464 55.664593', 'район Нагатино-Садовники')"
646,"('37.63464 55.664593', 'район Нагатино-Садовники')"
647,"('37.63464 55.664593', 'район Нагатино-Садовники')"
648,"('37.599166 55.594514', 'район Чертаново Южное')"
649,"('37.627059 55.664456', 'район Нагатино-Садовники')"
650,"('37.627059 55.664456', 'район Нагатино-Садовники')"
651,"('37.627059 55.664456', 'район Нагатино-Садовники')"
652,"('37.627059 55.664456', 'район Нагатино-Садовники')"
653,"('37.627059 55.664456', 'район Нагатино-Садовники')"
654,"('37.627059 55.664456', 'район Нагатино-Садовники')"
655,"('37.627059 55.664456', 'район Нагатино-Садовники')"
656,"('37.627059 55.664456', 'район Нагатино-Садовники')"
657,"('37.625594 55.699467', 'Донской район')"
658,"('37.625594 55.699467', 'Донской район')"
659,"('37.625594 55.699467', 'Донской район')"
660,"('37.625594 55.699467', 'Донской район')"
661,"('37.618821 55.650246', 'Не определен')"
662,"('37.618821 55.650246', 'Не определен')"
663,"('37.595249 55.582991', 'район Чертаново Южное')"
664,"('37.595249 55.582991', 'район Чертаново Южное')"
665,"('37.595249 55.582991', 'район Чертаново Южное')"
666,"('37.646139 55.653319', 'район Москворечье-Сабурово')"
667,"('37.646139 55.653319', 'район Москворечье-Сабурово')"
668,"('37.646139 55.653319', 'район Москворечье-Сабурово')"
669,"('37.646139 55.653319', 'район Москворечье-Сабурово')"
670,"('37.646139 55.653319', 'район Москворечье-Сабурово')"
671,"('37.646139 55.653319', 'район Москворечье-Сабурово')"
672,"('37.646139 55.653319', 'район Москворечье-Сабурово')"
673,"('37.646139 55.653319', 'район Москворечье-Сабурово')"
674,"('37.619764 55.696022', 'Донской район')"
675,"('37.619764 55.696022', 'Донской район')"
676,"('37.62369 55.700035', 'Донской район')"
677,"('37.62369 55.700035', 'Донской район')"
678,"('37.62369 55.700035', 'Донской район')"
679,"('37.623313 55.703129', 'Донской район')"
680,"('37.623313 55.703129', 'Донской район')"
681,"('37.623313 55.703129', 'Донской район')"
682,"('37.623313 55.703129', 'Донской район')"
683,"('37.623313 55.703129', 'Донской район')"
684,"('37.623313 55.703129', 'Донской район')"
685,"('37.623313 55.703129', 'Донской район')"
686,"('37.623313 55.703129', 'Донской район')"
687,"('37.635754 55.793186', 'Мещанский район')"
688,"('37.635763 55.777292', 'Мещанский район')"
689,"('37.63641 55.777267', 'Мещанский район')"
690,"('37.634416 55.777307', 'Мещанский район')"
691,"('37.605903 55.727592', 'район Якиманка')"
692,"('37.633832 55.791223', 'Мещанский район')"
693,"('37.608643 55.728935', 'район Якиманка')"
694,"('37.611392 55.729529', 'район Якиманка')"
695,"('37.611392 55.729529', 'район Якиманка')"
696,"('37.537434 55.749633', 'Пресненский район')"
697,"('37.632682 55.773429', 'Мещанский район')"
698,"('37.634326 55.78978', 'Мещанский район')"
699,"('37.53738 55.746593', 'Пресненский район')"
700,"('37.53738 55.746593', 'Пресненский район')"
701,"('37.53738 55.746593', 'Пресненский район')"
702,"('37.53738 55.746593', 'Пресненский район')"
703,"('37.539087 55.747115', 'Пресненский район')"
704,"('37.539087 55.747115', 'Пресненский район')"
705,"('37.539087 55.747115', 'Пресненский район')"
706,"('37.539087 55.747115', 'Пресненский район')"
707,"('37.539087 55.747115', 'Пресненский район')"
708,"('37.635161 55.791263', 'Мещанский район')"
709,"('37.63305 55.774968', 'Мещанский район')"
710,"('37.540245 55.748179', 'Пресненский район')"
711,"('37.539742 55.749162', 'Пресненский район')"
712,"('37.539742 55.749162', 'Пресненский район')"
713,"('37.539742 55.749162', 'Пресненский район')"
714,"('37.539742 55.749162', 'Пресненский район')"
715,"('37.539742 55.749162', 'Пресненский район')"
716,"('37.539742 55.749162', 'Пресненский район')"
717,"('37.539742 55.749162', 'Пресненский район')"
718,"('37.539742 55.749162', 'Пресненский район')"
719,"('37.539742 55.749162', 'Пресненский район')"
720,"('37.539742 55.749162', 'Пресненский район')"
721,"('37.539742 55.749162', 'Пресненский район')"
722,"('37.539742 55.749162', 'Пресненский район')"
723,"('37.539742 55.749162', 'Пресненский район')"
724,"('37.539742 55.749162', 'Пресненский район')"
725,"('37.539742 55.749162', 'Пресненский район')"
726,"('37.539742 55.749162', 'Пресненский район')"
727,"('37.539742 55.749162', 'Пресненский район')"
728,"('37.539742 55.749162', 'Пресненский район')"
729,"('37.481001 55.663024', 'район Тропарёво-Никулино')"
730,"('37.481001 55.663024', 'район Тропарёво-Никулино')"
731,"('37.481001 55.663024', 'район Тропарёво-Никулино')"
732,"('37.481001 55.663024', 'район Тропарёво-Никулино')"
733,"('37.481001 55.663024', 'район Тропарёво-Никулино')"
734,"('37.481001 55.663024', 'район Тропарёво-Никулино')"
735,"('37.481001 55.663024', 'район Тропарёво-Никулино')"
736,"('37.481001 55.663024', 'район Тропарёво-Никулино')"
737,"('37.481001 55.663024', 'район Тропарёво-Никулино')"
738,"('37.481001 55.663024', 'район Тропарёво-Никулино')"
739,"('37.476169 55.727932', 'район Фили-Давыдково')"
740,"('37.476169 55.727932', 'район Фили-Давыдково')"
741,"('37.476169 55.727932', 'район Фили-Давыдково')"
742,"('37.476169 55.727932', 'район Фили-Давыдково')"
743,"('37.476169 55.727932', 'район Фили-Давыдково')"
744,"('37.476169 55.727932', 'район Фили-Давыдково')"
745,"('37.476169 55.727932', 'район Фили-Давыдково')"
746,"('37.476169 55.727932', 'район Фили-Давыдково')"
747,"('37.476169 55.727932', 'район Фили-Давыдково')"
748,"('37.476169 55.727932', 'район Фили-Давыдково')"
749,"('37.476169 55.727932', 'район Фили-Давыдково')"
750,"('37.476169 55.727932', 'район Фили-Давыдково')"
751,"('37.476169 55.727932', 'район Фили-Давыдково')"
752,"('37.476169 55.727932', 'район Фили-Давыдково')"
753,"('37.476169 55.727932', 'район Фили-Давыдково')"
754,"('37.476169 55.727932', 'район Фили-Давыдково')"
755,"('37.476169 55.727932', 'район Фили-Давыдково')"
756,"('37.525872 55.673976', 'Ломоносовский район')"
757,"('37.526295 55.740026', 'район Дорогомилово')"
758,"('37.599157 55.583953', 'район Чертаново Южное')"
759,"('37.55248 55.670021', 'Обручевский район')"
760,"('37.638018 55.808174', 'Алексеевский район')"
761,"('37.476169 55.727932', 'район Фили-Давыдково')"
762,"('37.481469 55.661689', 'район Тропарёво-Никулино')"
763,"('37.662093 55.845855', 'район Свиблово')"
764,"('37.636365 55.793232', 'Мещанский район')"
765,"('37.556864 55.746922', 'район Дорогомилово')"
766,"('37.526007 55.802761', 'район Аэропорт')"
767,"('37.617941 55.682803', 'Нагорный район')"
768,"('37.642042 55.820642', 'Алексеевский район')"
769,"('37.637551 55.806742', 'Алексеевский район')"
770,"('37.482744 55.660272', 'район Тропарёво-Никулино')"
771,"('37.552741 55.691521', 'Гагаринский район')"
772,"('37.633688 55.782547', 'Мещанский район')"
773,"('37.478603 55.665142', 'район Тропарёво-Никулино')"
774,"('37.476088 55.660968', 'район Тропарёво-Никулино')"
775,"('37.479097 55.672372', 'район Тропарёво-Никулино')"
776,"('37.633158 55.77798', 'Мещанский район')"
777,"('37.635817 55.78727', 'Мещанский район')"
778,"('37.471533 55.649992', 'район Тропарёво-Никулино')"
779,"('37.476052 55.657931', 'район Тропарёво-Никулино')"
780,"('37.552453 55.790757', 'район Беговой')"
781,"('37.512766 55.803282', 'район Сокол')"
782,"('37.618031 55.631773', 'район Чертаново Северное')"
783,"('37.627059 55.664456', 'район Нагатино-Садовники')"
784,"('37.540245 55.748179', 'Пресненский район')"
785,"('37.658347 55.835008', 'район Ростокино')"
786,"('37.633347 55.779246', 'Мещанский район')"
787,"('37.631847 55.78116', 'Мещанский район')"
788,"('37.510502 55.80483', 'район Сокол')"
789,"('37.622405 55.700877', 'Донской район')"
790,"('37.54356 55.66076', 'Обручевский район')"
791,"('37.53738 55.746593', 'Пресненский район')"
792,"('37.556379 55.750515', 'Не определен')"
793,"('37.542949 55.748924', 'Пресненский район')"
794,"('37.542949 55.748924', 'Пресненский район')"
795,"('37.542949 55.748924', 'Пресненский район')"
796,"('37.542949 55.748924', 'Пресненский район')"
797,"('37.542949 55.748924', 'Пресненский район')"
798,"('37.542949 55.748924', 'Пресненский район')"
799,"('37.539742 55.749162', 'Пресненский район')"
800,"('37.539742 55.749162', 'Пресненский район')"
801,"('37.540245 55.748179', 'Пресненский район')"
802,"('37.632646 55.774644', 'Мещанский район')"
803,"('37.539087 55.747115', 'Пресненский район')"
804,"('37.539087 55.747115', 'Пресненский район')"
805,"('37.539087 55.747115', 'Пресненский район')"
806,"('37.539087 55.747115', 'Пресненский район')"
807,"('37.539087 55.747115', 'Пресненский район')"
808,"('37.539087 55.747115', 'Пресненский район')"
809,"('37.539087 55.747115', 'Пресненский район')"
810,"('37.539087 55.747115', 'Пресненский район')"
811,"('37.539087 55.747115', 'Пресненский район')"
812,"('37.539087 55.747115', 'Пресненский район')"
813,"('37.476411 55.652679', 'район Тропарёво-Никулино')"
814,"('37.634182 55.79098', 'Мещанский район')"
815,"('37.635224 55.789492', 'Мещанский район')"
816,"('37.53738 55.746593', 'Пресненский район')"
817,"('37.53738 55.746593', 'Пресненский район')"
818,"('37.53738 55.746593', 'Пресненский район')"
819,"('37.53738 55.746593', 'Пресненский район')"
820,"('37.53738 55.746593', 'Пресненский район')"
821,"('37.53738 55.746593', 'Пресненский район')"
822,"('37.53738 55.746593', 'Пресненский район')"
823,"('37.53738 55.746593', 'Пресненский район')"
824,"('37.53738 55.746593', 'Пресненский район')"
825,"('37.53738 55.746593', 'Пресненский район')"
826,"('37.540245 55.748179', 'Пресненский район')"
827,"('37.540245 55.748179', 'Пресненский район')"
828,"('37.540245 55.748179', 'Пресненский район')"
829,"('37.540245 55.748179', 'Пресненский район')"
830,"('37.567159 55.701318', 'Гагаринский район')"
831,"('37.544638 55.790221', 'Хорошёвский район')"
832,"('37.551879 55.666883', 'район Черёмушки')"
833,"('37.547405 55.688553', 'Гагаринский район')"
834,"('37.590542 55.581444', 'район Чертаново Южное')"
835,"('37.594063 55.580136', 'район Чертаново Южное')"
836,"('37.63668 55.800595', 'Не определен')"
837,"('37.497656 55.657408', 'район Тропарёво-Никулино')"
838,"('37.504555 55.676301', 'район Проспект Вернадского')"
839,"('37.483104 55.651186', 'район Тропарёво-Никулино')"
840,"('37.483104 55.651186', 'район Тропарёво-Никулино')"
841,"('37.483104 55.651186', 'район Тропарёво-Никулино')"
842,"('37.618543 55.625532', 'район Чертаново Северное')"
843,"('37.480849 55.643713', 'район Тёплый Стан')"
844,"('37.646139 55.653319', 'район Москворечье-Сабурово')"
845,"('37.637551 55.806742', 'Алексеевский район')"
846,"('37.656362 55.836544', 'район Ростокино')"
847,"('37.578855 55.780162', 'район Беговой')"
848,"('37.521138 55.636311', 'район Коньково')"
849,"('37.582826 55.707451', 'Гагаринский район')"
850,"('37.543327 55.687497', 'Гагаринский район')"
851,"('37.634299 55.789942', 'Мещанский район')"
852,"('37.624256 55.633226', 'район Чертаново Северное')"
853,"('37.559829 55.78732', 'район Беговой')"
854,"('37.559829 55.78732', 'район Беговой')"
855,"('37.525863 55.737076', 'район Дорогомилово')"
856,"('37.535871 55.680834', 'Ломоносовский район')"
857,"('37.527417 55.739625', 'район Дорогомилово')"
858,"('37.525872 55.67655', 'Ломоносовский район')"
859,"('37.632341 55.667117', 'район Нагатино-Садовники')"
860,"('37.542949 55.748924', 'Пресненский район')"
861,"('37.632143 55.778036', 'Мещанский район')"
862,"('37.556379 55.750515', 'Не определен')"
863,"('37.556379 55.750515', 'Не определен')"
864,"('37.604241 55.603791', 'район Чертаново Центральное')"
865,"('37.597998 55.581139', 'район Чертаново Южное')"
866,"('37.506262 55.622832', 'район Тёплый Стан')"
867,"('37.577903 55.77917', 'район Беговой')"
868,"('37.513305 55.806059', 'район Аэропорт')"
869,"('37.572378 55.687477', 'Академический район')"
870,"('37.657682 55.837197', 'район Ростокино')"
871,"('37.526259 55.676149', 'Ломоносовский район')"
872,"('37.556379 55.750515', 'Не определен')"
873,"('37.556379 55.750515', 'Не определен')"
874,"('37.536832 55.789396', 'Хорошёвский район')"
875,"('37.634182 55.79098', 'Мещанский район')"
876,"('37.602714 55.589203', 'район Чертаново Южное')"
877,"('37.63447 55.785969', 'Мещанский район')"
878,"('37.635593 55.785579', 'Мещанский район')"
879,"('37.48561 55.662882', 'район Тропарёво-Никулино')"
880,"('37.511472 55.686269', 'район Раменки')"
881,"('37.628586 55.666904', 'район Нагатино-Садовники')"
882,"('37.610449 55.620901', 'район Чертаново Центральное')"
883,"('37.636671 55.801566', 'Не определен')"
884,"('37.536544 55.799163', 'район Аэропорт')"
885,"('37.566467 55.680554', 'Академический район')"
886,"('37.51529 55.630441', 'район Тёплый Стан')"
887,"('37.518587 55.632672', 'район Тёплый Стан')"
888,"('37.646139 55.653319', 'район Москворечье-Сабурово')"
889,"('37.663009 55.64824', 'район Москворечье-Сабурово')"
890,"('37.663009 55.64824', 'район Москворечье-Сабурово')"
891,"('37.566728 55.787376', 'район Аэропорт')"
892,"('37.565335 55.679514', 'Академический район')"
893,"('37.637991 55.808978', 'Алексеевский район')"
894,"('37.633158 55.77798', 'Мещанский район')"
895,"('37.544638 55.790221', 'Хорошёвский район')"
896,"('37.552741 55.691521', 'Гагаринский район')"
897,"('37.518587 55.632672', 'район Тёплый Стан')"
898,"('37.622405 55.700877', 'Донской район')"
899,"('37.622405 55.700877', 'Донской район')"
900,"('37.622405 55.700877', 'Донской район')"
901,"('37.483714 55.661471', 'район Тропарёво-Никулино')"
902,"('37.630652 55.668386', 'район Нагатино-Садовники')"
903,"('37.631514 55.668559', 'район Нагатино-Садовники')"
904,"('37.722343 55.597327', 'район Орехово-Борисово Южное')"
905,"('37.722343 55.597327', 'район Орехово-Борисово Южное')"
906,"('37.647307 55.652913', 'район Москворечье-Сабурово')"
907,"('37.552184 55.746791', 'район Дорогомилово')"
908,"('37.5736 55.781038', 'район Беговой')"
909,"('37.55328 55.790357', 'район Беговой')"
910,"('37.516 55.80399', 'район Сокол')"
911,"('37.535871 55.680834', 'Ломоносовский район')"
912,"('37.491296 55.654528', 'район Тропарёво-Никулино')"
913,"('37.550657 55.690374', 'Гагаринский район')"
914,"('37.631936 55.773322', 'Мещанский район')"
915,"('37.63676 55.810693', 'Останкинский район')"
916,"('37.63676 55.810693', 'Останкинский район')"
917,"('37.572378 55.687477', 'Академический район')"
918,"('37.508292 55.624352', 'район Тёплый Стан')"
919,"('37.565335 55.679514', 'Академический район')"
920,"('37.510511 55.666675', 'район Проспект Вернадского')"
921,"('37.545267 55.744531', 'район Дорогомилово')"
922,"('37.486733 55.663674', 'район Тропарёво-Никулино')"
923,"('37.52165 55.789122', 'Хорошёвский район')"
924,"('37.52165 55.789122', 'Хорошёвский район')"
925,"('37.601807 55.588415', 'район Чертаново Южное')"
926,"('37.590865 55.714171', 'Донской район')"
927,"('37.622082 55.69351', 'Донской район')"
928,"('37.618767 55.65178', 'Не определен')"
929,"('37.600118 55.583566', 'район Чертаново Южное')"
930,"('37.623492 55.680311', 'Нагорный район')"
931,"('37.515632 55.630985', 'район Тёплый Стан')"
932,"('37.515632 55.630985', 'район Тёплый Стан')"
933,"('37.51529 55.630441', 'район Тёплый Стан')"
934,"('37.5425 55.656702', 'район Черёмушки')"
935,"('37.599983 55.720154', 'Донской район')"
936,"('37.599983 55.720154', 'Донской район')"
937,"('37.483104 55.651186', 'район Тропарёво-Никулино')"
938,"('37.542842 55.794629', 'Хорошёвский район')"
939,"('37.539877 55.79056', 'Хорошёвский район')"
940,"('37.625289 55.67995', 'район Нагатино-Садовники')"
941,"('37.690722 55.640462', 'район Москворечье-Сабурово')"
942,"('37.628298 55.66634', 'район Нагатино-Садовники')"
943,"('37.626951 55.675641', 'район Нагатино-Садовники')"
944,"('37.677203 55.644521', 'район Москворечье-Сабурово')"
945,"('37.63668 55.800595', 'Не определен')"
946,"('37.63668 55.800595', 'Не определен')"
947,"('37.638611 55.802169', 'Алексеевский район')"
948,"('37.518587 55.632672', 'район Тёплый Стан')"
949,"('37.518587 55.632672', 'район Тёплый Стан')"
950,"('37.518587 55.632672', 'район Тёплый Стан')"
951,"('37.518587 55.632672', 'район Тёплый Стан')"
952,"('37.517383 55.631168', 'район Тёплый Стан')"
953,"('37.516853 55.63037', 'район Тёплый Стан')"
954,"('37.516853 55.63037', 'район Тёплый Стан')"
955,"('37.516853 55.63037', 'район Тёплый Стан')"
956,"('37.516853 55.63037', 'район Тёплый Стан')"
957,"('37.516853 55.63037', 'район Тёплый Стан')"
958,"('37.511014 55.626904', 'район Тёплый Стан')"
959,"('37.55248 55.670021', 'Обручевский район')"
960,"('37.490551 55.651674', 'Не определен')"
961,"('37.526259 55.643632', 'район Коньково')"
962,"('37.526259 55.643632', 'район Коньково')"
963,"('37.51149 55.678895', 'район Проспект Вернадского')"
964,"('37.556379 55.750515', 'Не определен')"
965,"('37.572082 55.781545', 'район Беговой')"
966,"('37.543533 55.79428', 'Хорошёвский район')"
967,"('37.54215 55.790717', 'Хорошёвский район')"
968,"('37.522531 55.790124', 'Хорошёвский район')"
969,"('37.541251 55.791602', 'Хорошёвский район')"
970,"('37.512766 55.803282', 'район Сокол')"
971,"('37.536931 55.796567', 'Хорошёвский район')"
972,"('37.683625 55.639969', 'район Москворечье-Сабурово')"
973,"('37.673151 55.645984', 'район Москворечье-Сабурово')"
974,"('37.60779 55.61327', 'район Чертаново Центральное')"
975,"('37.618543 55.625532', 'район Чертаново Северное')"
976,"('37.620447 55.651288', 'Не определен')"
977,"('37.620339 55.651039', 'Не определен')"
978,"('37.672522 55.646121', 'район Москворечье-Сабурово')"
979,"('37.678604 55.640228', 'район Москворечье-Сабурово')"
980,"('37.600729 55.720905', 'Донской район')"
981,"('37.609128 55.61934', 'район Чертаново Центральное')"
982,"('37.607862 55.604102', 'район Чертаново Южное')"
983,"('37.607862 55.604102', 'район Чертаново Южное')"
984,"('37.597998 55.581139', 'район Чертаново Южное')"
985,"('37.597998 55.581139', 'район Чертаново Южное')"
986,"('37.646139 55.653319', 'район Москворечье-Сабурово')"
987,"('37.595465 55.581373', 'район Чертаново Южное')"
988,"('37.62369 55.700035', 'Донской район')"
989,"('37.537434 55.749633', 'Пресненский район')"
990,"('37.537434 55.749633', 'Пресненский район')"
991,"('37.537434 55.749633', 'Пресненский район')"
992,"('37.537434 55.749633', 'Пресненский район')"
993,"('37.537434 55.749633', 'Пресненский район')"
994,"('37.539087 55.747115', 'Пресненский район')"
995,"('37.53738 55.746593', 'Пресненский район')"
996,"('37.53738 55.746593', 'Пресненский район')"
997,"('37.540245 55.748179', 'Пресненский район')"
998,"('37.540245 55.748179', 'Пресненский район')"
999,"('37.540245 55.748179', 'Пресненский район')"
1000,"('37.540245 55.748179', 'Пресненский район')"
1001,"('37.540245 55.748179', 'Пресненский район')"
1002,"('37.540245 55.748179', 'Пресненский район')"
1003,"('37.540245 55.748179', 'Пресненский район')"
1004,"('37.540245 55.748179', 'Пресненский район')"
1005,"('37.635575 55.786045', 'Мещанский район')"
1006,"('37.535071 55.747622', 'Пресненский район')"
1007,"('37.535071 55.747622', 'Пресненский район')"
1008,"('37.535071 55.747622', 'Пресненский район')"
1009,"('37.535071 55.747622', 'Пресненский район')"
1010,"('37.535071 55.747622', 'Пресненский район')"
1011,"('37.539742 55.749162', 'Пресненский район')"
1012,"('37.539742 55.749162', 'Пресненский район')"
1013,"('37.539742 55.749162', 'Пресненский район')"
1014,"('37.542949 55.748924', 'Пресненский район')"
1015,"('37.542949 55.748924', 'Пресненский район')"
1016,"('37.539742 55.749162', 'Пресненский район')"
1017,"('37.539742 55.749162', 'Пресненский район')"
1018,"('37.539742 55.749162', 'Пресненский район')"
1019,"('37.539742 55.749162', 'Пресненский район')"
1020,"('37.539742 55.749162', 'Пресненский район')"
1021,"('37.539742 55.749162', 'Пресненский район')"
1022,"('37.539742 55.749162', 'Пресненский район')"
1023,"('37.539742 55.749162', 'Пресненский район')"
1024,"('37.539742 55.749162', 'Пресненский район')"
1025,"('37.539742 55.749162', 'Пресненский район')"
1026,"('37.539742 55.749162', 'Пресненский район')"
1027,"('37.539742 55.749162', 'Пресненский район')"
1028,"('37.539742 55.749162', 'Пресненский район')"
1029,"('37.539742 55.749162', 'Пресненский район')"
1030,"('37.539742 55.749162', 'Пресненский район')"
1031,"('37.539742 55.749162', 'Пресненский район')"
1032,"('37.539742 55.749162', 'Пресненский район')"
1033,"('37.539742 55.749162', 'Пресненский район')"
1034,"('37.539742 55.749162', 'Пресненский район')"
1035,"('37.539742 55.749162', 'Пресненский район')"
1036,"('37.539742 55.749162', 'Пресненский район')"
1037,"('37.540757 55.792108', 'Хорошёвский район')"
1038,"('37.531289 55.790231', 'Хорошёвский район')"
1039,"('37.531289 55.790231', 'Хорошёвский район')"
1040,"('37.531289 55.790231', 'Хорошёвский район')"
1041,"('37.531289 55.790231', 'Хорошёвский район')"
1042,"('37.531289 55.790231', 'Хорошёвский район')"
1043,"('37.531289 55.790231', 'Хорошёвский район')"
1044,"('37.531289 55.790231', 'Хорошёвский район')"
1045,"('37.531289 55.790231', 'Хорошёвский район')"
1046,"('37.531289 55.790231', 'Хорошёвский район')"
1047,"('37.531289 55.790231', 'Хорошёвский район')"
1048,"('37.531289 55.790231', 'Хорошёвский район')"
1049,"('37.531289 55.790231', 'Хорошёвский район')"
1050,"('37.539742 55.749162', 'Пресненский район')"
1051,"('37.541512 55.656037', 'район Черёмушки')"
1052,"('37.531289 55.790231', 'Хорошёвский район')"
1053,"('37.531289 55.790231', 'Хорошёвский район')"
1054,"('37.622378 55.691755', 'Донской район')"
1055,"('37.531289 55.790231', 'Хорошёвский район')"
1056,"('37.531289 55.790231', 'Хорошёвский район')"
1057,"('37.531289 55.790231', 'Хорошёвский район')"
1058,"('37.511014 55.626904', 'район Тёплый Стан')"
1059,"('37.486005 55.651978', 'район Тропарёво-Никулино')"
1060,"('37.539742 55.749162', 'Пресненский район')"
1061,"('37.62369 55.700035', 'Донской район')"
1062,"('37.515164 55.805837', 'район Аэропорт')"
1063,"('37.539742 55.749162', 'Пресненский район')"
1064,"('37.531289 55.790231', 'Хорошёвский район')"
1065,"('37.512766 55.803282', 'район Сокол')"
1066,"('37.533858 55.79889', 'Хорошёвский район')"
1067,"('37.539742 55.749162', 'Пресненский район')"
1068,"('37.539742 55.749162', 'Пресненский район')"
1069,"('37.531289 55.790231', 'Хорошёвский район')"
1070,"('37.531289 55.790231', 'Хорошёвский район')"
1071,"('37.531289 55.790231', 'Хорошёвский район')"
1072,"('37.51573 55.666624', 'Обручевский район')"
1073,"('37.532107 55.801835', 'Не определен')"
1074,"('37.539742 55.749162', 'Пресненский район')"
1075,"('37.531289 55.790231', 'Хорошёвский район')"
1076,"('37.539742 55.749162', 'Пресненский район')"
1077,"('37.531289 55.790231', 'Хорошёвский район')"
1078,"('37.559388 55.791248', 'район Аэропорт')"
1079,"('37.621552 55.683909', 'Нагорный район')"
1080,"('37.521138 55.636311', 'район Коньково')"
1081,"('37.531289 55.790231', 'Хорошёвский район')"
1082,"('37.531289 55.790231', 'Хорошёвский район')"
1083,"('37.539742 55.749162', 'Пресненский район')"
1084,"('37.539742 55.749162', 'Пресненский район')"
1085,"('37.531289 55.790231', 'Хорошёвский район')"
1086,"('37.531289 55.790231', 'Хорошёвский район')"
1087,"('37.539742 55.749162', 'Пресненский район')"
1088,"('37.539742 55.749162', 'Пресненский район')"
1089,"('37.539742 55.749162', 'Пресненский район')"
1090,"('37.539742 55.749162', 'Пресненский район')"
1091,"('37.618767 55.65178', 'Не определен')"
1092,"('37.486733 55.663674', 'район Тропарёво-Никулино')"
1093,"('37.539742 55.749162', 'Пресненский район')"
1094,"('37.539742 55.749162', 'Пресненский район')"
1095,"('37.539742 55.749162', 'Пресненский район')"
1096,"('37.542949 55.748924', 'Пресненский район')"
1097,"('37.637551 55.806742', 'Алексеевский район')"
1098,"('37.539742 55.749162', 'Пресненский район')"
1099,"('37.539742 55.749162', 'Пресненский район')"
1100,"('37.539742 55.749162', 'Пресненский район')"
1101,"('37.514563 55.680747', 'Ломоносовский район')"
1102,"('37.619683 55.699949', 'Донской район')"
1103,"('37.628882 55.669518', 'район Нагатино-Садовники')"
1104,"('37.546803 55.79473', 'район Аэропорт')"
1105,"('37.516952 55.805133', 'район Аэропорт')"
1106,"('37.595097 55.717295', 'Донской район')"
1107,"('37.544997 55.68698', 'Гагаринский район')"
1108,"('37.634182 55.79098', 'Мещанский район')"
1109,"('37.639357 55.814345', 'Алексеевский район')"
1110,"('37.533966 55.649063', 'район Коньково')"
1111,"('37.520141 55.649886', 'район Коньково')"
1112,"('37.507017 55.623631', 'район Тёплый Стан')"
1113,"('37.572378 55.687477', 'Академический район')"
1114,"('37.56989 55.683696', 'Академический район')"
1115,"('37.565335 55.679514', 'Академический район')"
1116,"('37.572378 55.687477', 'Академический район')"
1117,"('37.642042 55.820642', 'Алексеевский район')"
1118,"('37.628002 55.668417', 'район Нагатино-Садовники')"
1119,"('37.523465 55.64192', 'район Коньково')"
1120,"('37.523465 55.64192', 'район Коньково')"
1121,"('37.511508 55.807956', 'район Сокол')"
1122,"('37.560377 55.697914', 'Гагаринский район')"
1123,"('37.560377 55.697914', 'Гагаринский район')"
1124,"('37.618965 55.644623', 'Не определен')"
1125,"('37.54356 55.66076', 'Обручевский район')"
1126,"('37.559541 55.673905', 'район Черёмушки')"
1127,"('37.668022 55.645964', 'район Москворечье-Сабурово')"
1128,"('37.668022 55.645964', 'район Москворечье-Сабурово')"
1129,"('37.693606 55.639349', 'район Москворечье-Сабурово')"
1130,"('37.48587 55.662359', 'район Тропарёво-Никулино')"
1131,"('37.526726 55.741987', 'район Дорогомилово')"
1132,"('37.50946 55.677433', 'район Проспект Вернадского')"
1133,"('37.63668 55.800595', 'Не определен')"
1134,"('37.63668 55.800595', 'Не определен')"
1135,"('37.63668 55.800595', 'Не определен')"
1136,"('37.66265 55.844041', 'район Свиблово')"
1137,"('37.572396 55.685731', 'Академический район')"
1138,"('37.55248 55.670021', 'Обручевский район')"
1139,"('37.55248 55.670021', 'Обручевский район')"
1140,"('37.541512 55.656037', 'район Черёмушки')"
1141,"('37.541512 55.656037', 'район Черёмушки')"
1142,"('37.541512 55.656037', 'район Черёмушки')"
1143,"('37.541512 55.656037', 'район Черёмушки')"
1144,"('37.541512 55.656037', 'район Черёмушки')"
1145,"('37.541512 55.656037', 'район Черёмушки')"
1146,"('37.541512 55.656037', 'район Черёмушки')"
1147,"('37.541512 55.656037', 'район Черёмушки')"
1148,"('37.541512 55.656037', 'район Черёмушки')"
1149,"('37.541512 55.656037', 'район Черёмушки')"
1150,"('37.541512 55.656037', 'район Черёмушки')"
1151,"('37.541512 55.656037', 'район Черёмушки')"
1152,"('37.541512 55.656037', 'район Черёмушки')"
1153,"('37.541512 55.656037', 'район Черёмушки')"
1154,"('37.541512 55.656037', 'район Черёмушки')"
1155,"('37.55248 55.670021', 'Обручевский район')"
1156,"('37.55248 55.670021', 'Обручевский район')"
1157,"('37.519872 55.632901', 'район Коньково')"
1158,"('37.507484 55.61813', 'район Ясенево')"
1159,"('37.507484 55.61813', 'район Ясенево')"
1160,"('37.507484 55.61813', 'район Ясенево')"
1161,"('37.507484 55.61813', 'район Ясенево')"
1162,"('37.507484 55.61813', 'район Ясенево')"
1163,"('37.511445 55.663842', 'Обручевский район')"
1164,"('37.511445 55.663842', 'Обручевский район')"
1165,"('37.511445 55.663842', 'Обручевский район')"
1166,"('37.511445 55.663842', 'Обручевский район')"
1167,"('37.537973 55.653136', 'район Коньково')"
1168,"('37.547414 55.666487', 'Обручевский район')"
1169,"('37.511445 55.663842', 'Обручевский район')"
1170,"('37.511445 55.663842', 'Обручевский район')"
1171,"('37.521138 55.636311', 'район Коньково')"
1172,"('37.527965 55.691963', 'район Раменки')"
1173,"('37.55778 55.749836', 'район Дорогомилово')"
1174,"('37.556379 55.750515', 'Не определен')"
1175,"('37.556379 55.750515', 'Не определен')"
1176,"('37.520842 55.804951', 'район Аэропорт')"
1177,"('37.622306 55.69488', 'Донской район')"
1178,"('37.620698 55.653644', 'Не определен')"
1179,"('37.624256 55.633226', 'район Чертаново Северное')"
1180,"('37.618776 55.650002', 'Не определен')"
1181,"('37.595249 55.582991', 'район Чертаново Южное')"
1182,"('37.595249 55.582991', 'район Чертаново Южное')"
1183,"('37.595465 55.581373', 'район Чертаново Южное')"
1184,"('37.539087 55.747115', 'Пресненский район')"
1185,"('37.540245 55.748179', 'Пресненский район')"
1186,"('37.535071 55.747622', 'Пресненский район')"
1187,"('37.535071 55.747622', 'Пресненский район')"
1188,"('37.535071 55.747622', 'Пресненский район')"
1189,"('37.535071 55.747622', 'Пресненский район')"
1190,"('37.535071 55.747622', 'Пресненский район')"
1191,"('37.658347 55.835008', 'район Ростокино')"
1192,"('37.559388 55.791248', 'район Аэропорт')"
1193,"('37.559388 55.791248', 'район Аэропорт')"
1194,"('37.520348 55.805791', 'район Аэропорт')"
1195,"('37.54356 55.66076', 'Обручевский район')"
1196,"('37.519872 55.632901', 'район Коньково')"
1197,"('37.572378 55.687477', 'Академический район')"
1198,"('37.620698 55.653644', 'Не определен')"
1199,"('37.513305 55.806059', 'район Аэропорт')"
1200,"('37.516952 55.805133', 'район Аэропорт')"
1201,"('37.507484 55.61813', 'район Ясенево')"
1202,"('37.507484 55.61813', 'район Ясенево')"
1203,"('37.559388 55.791248', 'район Аэропорт')"
1204,"('37.55248 55.670021', 'Обручевский район')"
1205,"('37.559388 55.791248', 'район Аэропорт')"
1206,"('37.511445 55.663842', 'Обручевский район')"
1207,"('37.595249 55.582991', 'район Чертаново Южное')"
1208,"('37.511445 55.663842', 'Обручевский район')"
1209,"('37.531289 55.790231', 'Хорошёвский район')"
1210,"('37.481001 55.663024', 'район Тропарёво-Никулино')"
1211,"('37.54356 55.66076', 'Обручевский район')"
1212,"('37.526259 55.643632', 'район Коньково')"
1213,"('37.532107 55.801835', 'Не определен')"
1214,"('37.559388 55.791248', 'район Аэропорт')"
1215,"('37.628882 55.669518', 'район Нагатино-Садовники')"
1216,"('37.582125 55.77874', 'район Беговой')"
1217,"('37.582125 55.77874', 'район Беговой')"
1218,"('37.560781 55.787001', 'район Беговой')"
1219,"('37.512344 55.804956', 'район Сокол')"
1220,"('37.543327 55.687497', 'Гагаринский район')"
1221,"('37.543327 55.687497', 'Гагаринский район')"
1222,"('37.547405 55.688553', 'Гагаринский район')"
1223,"('37.543201 55.685782', 'Гагаринский район')"
1224,"('37.519467 55.802998', 'район Сокол')"
1225,"('37.608185 55.726142', 'район Якиманка')"
1226,"('37.582826 55.707451', 'Гагаринский район')"
1227,"('37.561553 55.69658', 'Гагаринский район')"
1228,"('37.659245 55.838369', 'район Ростокино')"
1229,"('37.572378 55.687477', 'Академический район')"
1230,"('37.566467 55.680554', 'Академический район')"
1231,"('37.565335 55.679514', 'Академический район')"
1232,"('37.517338 55.803681', 'район Сокол')"
1233,"('37.598348 55.591259', 'район Чертаново Южное')"
1234,"('37.523465 55.64192', 'район Коньково')"
1235,"('37.523465 55.64192', 'район Коньково')"
1236,"('37.488727 55.651516', 'Не определен')"
1237,"('37.601807 55.588415', 'район Чертаново Южное')"
1238,"('37.601807 55.588415', 'район Чертаново Южное')"
1239,"('37.602714 55.589203', 'район Чертаново Южное')"
1240,"('37.516449 55.681712', 'Ломоносовский район')"
1241,"('37.611392 55.729529', 'район Якиманка')"
1242,"('37.62051 55.655823', 'Не определен')"
1243,"('37.521569 55.633013', 'район Коньково')"
1244,"('37.521569 55.633013', 'район Коньково')"
1245,"('37.617204 55.633922', 'район Чертаново Северное')"
1246,"('37.504564 55.674504', 'район Проспект Вернадского')"
1247,"('37.481397 55.655772', 'район Тропарёво-Никулино')"
1248,"('37.559388 55.791248', 'район Аэропорт')"
1249,"('37.559388 55.791248', 'район Аэропорт')"
1250,"('37.559388 55.791248', 'район Аэропорт')"
1251,"('37.559388 55.791248', 'район Аэропорт')"
1252,"('37.67016 55.844576', 'Ярославский район')"
1253,"('37.709093 55.624505', 'район Орехово-Борисово Северное')"
1254,"('37.709093 55.624505', 'район Орехово-Борисово Северное')"
1255,"('37.709093 55.624505', 'район Орехово-Борисово Северное')"
1256,"('37.696337 55.638211', 'район Москворечье-Сабурово')"
1257,"('37.696867 55.638739', 'район Москворечье-Сабурово')"
1258,"('37.624085 55.684498', 'район Нагатино-Садовники')"
1259,"('37.633158 55.77798', 'Мещанский район')"
1260,"('37.640156 55.812388', 'Алексеевский район')"
1261,"('37.619854 55.666167', 'Нагорный район')"
1262,"('37.602579 55.578574', 'район Чертаново Южное')"
1263,"('37.631631 55.672016', 'район Нагатино-Садовники')"
1264,"('37.631631 55.672016', 'район Нагатино-Садовники')"
1265,"('37.631631 55.672016', 'район Нагатино-Садовники')"
1266,"('37.631631 55.672016', 'район Нагатино-Садовники')"
1267,"('37.631631 55.672016', 'район Нагатино-Садовники')"
1268,"('37.631631 55.672016', 'район Нагатино-Садовники')"
1269,"('37.631631 55.672016', 'район Нагатино-Садовники')"
1270,"('37.631631 55.672016', 'район Нагатино-Садовники')"
1271,"('37.63668 55.800595', 'Не определен')"
1272,"('37.636671 55.801566', 'Не определен')"
1273,"('37.662093 55.845855', 'район Свиблово')"
1274,"('37.662093 55.845855', 'район Свиблово')"
1275,"('37.662093 55.845855', 'район Свиблово')"
1276,"('37.662093 55.845855', 'район Свиблово')"
1277,"('37.662093 55.845855', 'район Свиблово')"
1278,"('37.662093 55.845855', 'район Свиблово')"
1279,"('37.662093 55.845855', 'район Свиблово')"
1280,"('37.662093 55.845855', 'район Свиблово')"
1281,"('37.662093 55.845855', 'район Свиблово')"
1282,"('37.662093 55.845855', 'район Свиблово')"
1283,"('37.511445 55.663842', 'Обручевский район')"
1284,"('37.481469 55.661689', 'район Тропарёво-Никулино')"
1285,"('37.481469 55.661689', 'район Тропарёво-Никулино')"
1286,"('37.481469 55.661689', 'район Тропарёво-Никулино')"
1287,"('37.48031 55.662242', 'район Тропарёво-Никулино')"
1288,"('37.48031 55.662242', 'район Тропарёво-Никулино')"
1289,"('37.48031 55.662242', 'район Тропарёво-Никулино')"
1290,"('37.48031 55.662242', 'район Тропарёво-Никулино')"
1291,"('37.527965 55.691963', 'район Раменки')"
1292,"('37.527965 55.691963', 'район Раменки')"
1293,"('37.527965 55.691963', 'район Раменки')"
1294,"('37.556379 55.750515', 'Не определен')"
1295,"('37.449677 55.725595', 'район Фили-Давыдково')"
1296,"('37.56017 55.78359', 'район Беговой')"
1297,"('37.591072 55.579653', 'район Чертаново Южное')"
1298,"('37.591072 55.579653', 'район Чертаново Южное')"
1299,"('37.591072 55.579653', 'район Чертаново Южное')"
1300,"('37.621354 55.622085', 'район Чертаново Северное')"
1301,"('37.620698 55.653644', 'Не определен')"
1302,"('37.621947 55.640274', 'район Чертаново Северное')"
1303,"('37.621947 55.640274', 'район Чертаново Северное')"
1304,"('37.63464 55.664593', 'район Нагатино-Садовники')"
1305,"('37.602526 55.60102', 'район Чертаново Южное')"
1306,"('37.599166 55.594514', 'район Чертаново Южное')"
1307,"('37.595249 55.582991', 'район Чертаново Южное')"
1308,"('37.646139 55.653319', 'район Москворечье-Сабурово')"
1309,"('37.673582 55.647071', 'район Москворечье-Сабурово')"
1310,"('37.627059 55.664456', 'район Нагатино-Садовники')"
1311,"('37.621552 55.683909', 'Нагорный район')"
1312,"('37.621552 55.683909', 'Нагорный район')"
1313,"('37.621552 55.683909', 'Нагорный район')"
1314,"('37.537434 55.749633', 'Пресненский район')"
1315,"('37.537434 55.749633', 'Пресненский район')"
1316,"('37.537434 55.749633', 'Пресненский район')"
1317,"('37.537434 55.749633', 'Пресненский район')"
1318,"('37.537434 55.749633', 'Пресненский район')"
1319,"('37.537434 55.749633', 'Пресненский район')"
1320,"('37.537434 55.749633', 'Пресненский район')"
1321,"('37.537434 55.749633', 'Пресненский район')"
1322,"('37.537434 55.749633', 'Пресненский район')"
1323,"('37.537434 55.749633', 'Пресненский район')"
1324,"('37.537434 55.749633', 'Пресненский район')"
1325,"('37.537434 55.749633', 'Пресненский район')"
1326,"('37.537434 55.749633', 'Пресненский район')"
1327,"('37.537434 55.749633', 'Пресненский район')"
1328,"('37.537434 55.749633', 'Пресненский район')"
1329,"('37.537434 55.749633', 'Пресненский район')"
1330,"('37.537434 55.749633', 'Пресненский район')"
1331,"('37.535071 55.747622', 'Пресненский район')"
1332,"('37.535071 55.747622', 'Пресненский район')"
1333,"('37.535071 55.747622', 'Пресненский район')"
1334,"('37.542949 55.748924', 'Пресненский район')"
1335,"('37.542949 55.748924', 'Пресненский район')"
1336,"('37.539742 55.749162', 'Пресненский район')"
1337,"('37.539742 55.749162', 'Пресненский район')"
1338,"('37.539742 55.749162', 'Пресненский район')"
1339,"('37.481001 55.663024', 'район Тропарёво-Никулино')"
1340,"('37.481001 55.663024', 'район Тропарёво-Никулино')"
1341,"('37.481001 55.663024', 'район Тропарёво-Никулино')"
1342,"('37.481001 55.663024', 'район Тропарёво-Никулино')"
1343,"('37.481001 55.663024', 'район Тропарёво-Никулино')"
1344,"('37.481001 55.663024', 'район Тропарёво-Никулино')"
1345,"('37.476169 55.727932', 'район Фили-Давыдково')"
1346,"('37.476169 55.727932', 'район Фили-Давыдково')"
1347,"('37.476169 55.727932', 'район Фили-Давыдково')"
1348,"('37.476169 55.727932', 'район Фили-Давыдково')"
1349,"('37.476169 55.727932', 'район Фили-Давыдково')"
1350,"('37.476169 55.727932', 'район Фили-Давыдково')"
1351,"('37.476169 55.727932', 'район Фили-Давыдково')"
1352,"('37.476169 55.727932', 'район Фили-Давыдково')"
1353,"('37.476169 55.727932', 'район Фили-Давыдково')"
1354,"('37.476169 55.727932', 'район Фили-Давыдково')"
1355,"('37.476169 55.727932', 'район Фили-Давыдково')"
1356,"('37.476169 55.727932', 'район Фили-Давыдково')"
1357,"('37.476169 55.727932', 'район Фили-Давыдково')"
1358,"('37.476169 55.727932', 'район Фили-Давыдково')"
1359,"('37.476169 55.727932', 'район Фили-Давыдково')"
1360,"('37.531289 55.790231', 'Хорошёвский район')"
1361,"('37.531289 55.790231', 'Хорошёвский район')"
1362,"('37.531289 55.790231', 'Хорошёвский район')"
1363,"('37.531289 55.790231', 'Хорошёвский район')"
1364,"('37.531289 55.790231', 'Хорошёвский район')"
1365,"('37.531289 55.790231', 'Хорошёвский район')"
1366,"('37.531289 55.790231', 'Хорошёвский район')"
1367,"('37.531289 55.790231', 'Хорошёвский район')"
1368,"('37.531289 55.790231', 'Хорошёвский район')"
1369,"('37.531289 55.790231', 'Хорошёвский район')"
1370,"('37.531289 55.790231', 'Хорошёвский район')"
1371,"('37.531289 55.790231', 'Хорошёвский район')"
1372,"('37.531289 55.790231', 'Хорошёвский район')"
1373,"('37.531289 55.790231', 'Хорошёвский район')"
1374,"('37.531289 55.790231', 'Хорошёвский район')"
1375,"('37.531289 55.790231', 'Хорошёвский район')"
1376,"('37.531289 55.790231', 'Хорошёвский район')"
1377,"('37.531289 55.790231', 'Хорошёвский район')"
1378,"('37.531289 55.790231', 'Хорошёвский район')"
1379,"('37.531289 55.790231', 'Хорошёвский район')"
1380,"('37.531289 55.790231', 'Хорошёвский район')"
1381,"('37.531289 55.790231', 'Хорошёвский район')"
1382,"('37.531289 55.790231', 'Хорошёвский район')"
1383,"('37.531289 55.790231', 'Хорошёвский район')"
1384,"('37.531289 55.790231', 'Хорошёвский район')"
1385,"('37.531289 55.790231', 'Хорошёвский район')"
1386,"('37.531289 55.790231', 'Хорошёвский район')"
1387,"('37.531289 55.790231', 'Хорошёвский район')"
1388,"('37.531289 55.790231', 'Хорошёвский район')"
1389,"('37.531289 55.790231', 'Хорошёвский район')"
1390,"('37.531289 55.790231', 'Хорошёвский район')"
1391,"('37.531289 55.790231', 'Хорошёвский район')"
1392,"('37.531289 55.790231', 'Хорошёвский район')"
1393,"('37.531289 55.790231', 'Хорошёвский район')"
1394,"('37.531289 55.790231', 'Хорошёвский район')"
1395,"('37.531289 55.790231', 'Хорошёвский район')"
1396,"('37.531289 55.790231', 'Хорошёвский район')"
1397,"('37.531289 55.790231', 'Хорошёвский район')"
1398,"('37.531289 55.790231', 'Хорошёвский район')"
1399,"('37.531289 55.790231', 'Хорошёвский район')"
1400,"('37.531289 55.790231', 'Хорошёвский район')"
1401,"('37.531289 55.790231', 'Хорошёвский район')"
1402,"('37.531289 55.790231', 'Хорошёвский район')"
1403,"('37.531289 55.790231', 'Хорошёвский район')"
1404,"('37.531289 55.790231', 'Хорошёвский район')"
1405,"('37.531289 55.790231', 'Хорошёвский район')"
1406,"('37.531289 55.790231', 'Хорошёвский район')"
1407,"('37.531289 55.790231', 'Хорошёвский район')"
1408,"('37.531289 55.790231', 'Хорошёвский район')"
1409,"('37.531289 55.790231', 'Хорошёвский район')"
1410,"('37.531289 55.790231', 'Хорошёвский район')"
1411,"('37.531289 55.790231', 'Хорошёвский район')"
1412,"('37.531289 55.790231', 'Хорошёвский район')"
1413,"('37.531289 55.790231', 'Хорошёвский район')"
1414,"('37.531289 55.790231', 'Хорошёвский район')"
1415,"('37.531289 55.790231', 'Хорошёвский район')"
1416,"('37.531289 55.790231', 'Хорошёвский район')"
1417,"('37.531289 55.790231', 'Хорошёвский район')"
1418,"('37.531289 55.790231', 'Хорошёвский район')"
1419,"('37.536832 55.789396', 'Хорошёвский район')"
1420,"('37.604448 55.588649', 'район Чертаново Южное')"
1421,"('37.567392 55.787837', 'район Аэропорт')"
1422,"('37.566728 55.787376', 'район Аэропорт')"
1423,"('37.527965 55.691963', 'район Раменки')"
1424,"('37.621552 55.683909', 'Нагорный район')"
1425,"('37.476169 55.727932', 'район Фили-Давыдково')"
1426,"('37.531289 55.790231', 'Хорошёвский район')"
1427,"('37.523213 55.790782', 'Хорошёвский район')"
1428,"('37.476169 55.727932', 'район Фили-Давыдково')"
1429,"('37.476169 55.727932', 'район Фили-Давыдково')"
1430,"('37.528855 55.73811', 'район Дорогомилово')"
1431,"('37.531289 55.790231', 'Хорошёвский район')"
1432,"('37.532107 55.801835', 'Не определен')"
1433,"('37.662093 55.845855', 'район Свиблово')"
1434,"('37.476169 55.727932', 'район Фили-Давыдково')"
1435,"('37.620698 55.653644', 'Не определен')"
1436,"('37.531289 55.790231', 'Хорошёвский район')"
1437,"('37.552741 55.691521', 'Гагаринский район')"
1438,"('37.560484 55.78646', 'район Беговой')"
1439,"('37.559388 55.791248', 'район Аэропорт')"
1440,"('37.662093 55.845855', 'район Свиблово')"
1441,"('37.531289 55.790231', 'Хорошёвский район')"
1442,"('37.662093 55.845855', 'район Свиблово')"
1443,"('37.620698 55.653644', 'Не определен')"
1444,"('37.531289 55.790231', 'Хорошёвский район')"
1445,"('37.557682 55.695829', 'Гагаринский район')"
1446,"('37.633688 55.780233', 'Мещанский район')"
1447,"('37.531289 55.790231', 'Хорошёвский район')"
1448,"('37.627059 55.664456', 'район Нагатино-Садовники')"
1449,"('37.559388 55.791248', 'район Аэропорт')"
1450,"('37.537434 55.749633', 'Пресненский район')"
1451,"('37.620698 55.653644', 'Не определен')"
1452,"('37.662093 55.845855', 'район Свиблово')"
1453,"('37.662093 55.845855', 'район Свиблово')"
1454,"('37.620698 55.653644', 'Не определен')"
1455,"('37.531289 55.790231', 'Хорошёвский район')"
1456,"('37.559388 55.791248', 'район Аэропорт')"
1457,"('37.662093 55.845855', 'район Свиблово')"
1458,"('37.599166 55.594514', 'район Чертаново Южное')"
1459,"('37.532107 55.801835', 'Не определен')"
1460,"('37.476169 55.727932', 'район Фили-Давыдково')"
1461,"('37.532107 55.801835', 'Не определен')"
1462,"('37.476169 55.727932', 'район Фили-Давыдково')"
1463,"('37.476169 55.727932', 'район Фили-Давыдково')"
1464,"('37.542949 55.748924', 'Пресненский район')"
1465,"('37.56017 55.78359', 'район Беговой')"
1466,"('37.621552 55.683909', 'Нагорный район')"
1467,"('37.526618 55.742889', 'район Дорогомилово')"
1468,"('37.526295 55.740026', 'район Дорогомилово')"
1469,"('37.537434 55.749633', 'Пресненский район')"
1470,"('37.511508 55.807956', 'район Сокол')"
1471,"('37.509343 55.625486', 'район Тёплый Стан')"
1472,"('37.7123 55.614927', 'район Орехово-Борисово Северное')"
1473,"('37.620698 55.653644', 'Не определен')"
1474,"('37.531289 55.790231', 'Хорошёвский район')"
